first image, second image, featureCountCombined, trueFeatureCountCombined, Fgt: trueSampsonErr, Fgt: trueErrorStdDev, Fgt: trueRootSampsonErr, Fgt: trueRootErrorStdDev, refined F: inlierCountCombined, refined F: trueInlierCountCombined, refined F: sampsonErrCombined, refined F: trueSampsonErr, refined F: trueSampsonErrStdDev, refined F: trueRootSampsonErr, refined F: trueRootSampsonErrStdDev, F_Points: featureCountGood, F_Points: trueFeatureCountGood, F_Points: featureCountComplete, F_Points: trueFeatureCountComplete, F_Points: inlierCountOwnGood, F_Points: trueInlierCountOwnGood, F_Points: inlierCountOwnComplete, F_Points: trueInlierCountOwnComplete, F_Points: inlierCountCombined, F_Points: trueInlierCountCombined, F_Points: sampsonErrOwn, F_Points: sampsonErrComplete, F_Points: sampsonErrCombined, F_Points: sampsonErrStdDevCombined, F_Points: trueSampsonErr, F_Points: trueSampsonErrStdDev, F_Points: trueRootSampsonErr, F_Points: trueRootSampsonErrStdDev, F_Points: quality, H_Lines: featureCountGood, H_Lines: trueFeatureCountGood, H_Lines: featureCountComplete, H_Lines: trueFeatureCountComplete, H_Lines: inlierCountOwnGood, H_Lines: trueInlierCountOwnGood, H_Lines: inlierCountOwnComplete, H_Lines: trueInlierCountOwnComplete, H_Lines: inlierCountCombined, H_Lines: trueInlierCountCombined, H_Lines: sampsonErrOwn, H_Lines: sampsonErrComplete, H_Lines: sampsonErrCombined, H_Lines: sampsonErrStdDevCombined, H_Lines: trueSampsonErr, H_Lines: trueSampsonErrStdDev, H_Lines: trueRootSampsonErr, H_Lines: trueRootSampsonErrStdDev, H_Lines: quality, H_Points: featureCountGood, H_Points: trueFeatureCountGood, H_Points: featureCountComplete, H_Points: trueFeatureCountComplete, H_Points: inlierCountOwnGood, H_Points: trueInlierCountOwnGood, H_Points: inlierCountOwnComplete, H_Points: trueInlierCountOwnComplete, H_Points: inlierCountCombined, H_Points: trueInlierCountCombined, H_Points: sampsonErrOwn, H_Points: sampsonErrComplete, H_Points: sampsonErrCombined, H_Points: sampsonErrStdDevCombined, H_Points: trueSampsonErr, H_Points: trueSampsonErrStdDev, H_Points: trueRootSampsonErr, H_Points: trueRootSampsonErrStdDev, H_Points: quality, time (min)
/home/johannes/MultipleCueEstimation/Datasets/castle-P30/0002.png,/home/johannes/MultipleCueEstimation/Datasets/castle-P30/0003.png,2821,2284,0.634262,0.634262,0.552678,0.552678,1975,1718,7272.57,17.5156,84.4976,2.3449,85.8492,470,255,3990,1798,300,143,985,767,1070,822,1.19136,43163.3,530.462,1271.78,571.336,1139.56,14.8651,1268.23,0.741604,939,-1,5854,-1,456,420,1050,882,1582,1505,54.9313,-1,6707.96,31969.7,210.337,451.214,7.35322,494.788,0.814267,470,257,3990,1811,118,117,1134,564,864,844,12.3863,84500.5,1916.85,4112.45,1421.77,2233.75,25.0525,2634.64,0.491897,48.85
/home/johannes/MultipleCueEstimation/Datasets/castle-P30/0002.png,/home/johannes/MultipleCueEstimation/Datasets/castle-P30/0003.png,2748,2259,0.546605,0.546605,0.491144,0.491144,1824,1637,2742.85,47.4263,180.986,3.15915,186.323,470,255,3990,1798,300,143,985,767,1087,869,1.19136,43163.3,1081.49,2023.92,1267,2132.39,23.334,2468.7,0.711505,939,-1,5854,-1,494,435,950,808,1702,1554,4.60438,-1,2093.19,9457.17,49.0542,185.937,3.29943,191.486,0.901959,469,257,3990,1817,129,129,1318,656,837,747,18.0658,120199,9115.24,44410.7,616.772,794.176,18.0273,994.67,0.416407,12.4667
/home/johannes/MultipleCueEstimation/Datasets/castle-P30/0002.png,/home/johannes/MultipleCueEstimation/Datasets/castle-P30/0003.png,2874,2542,0.448604,0.448604,0.47757,0.47757,1964,1939,683.431,26.8248,154.552,2.17754,156.506,470,255,3990,1798,300,143,985,767,1106,862,1.19136,43163.3,786.307,2145.9,831.777,1472.07,18.7248,1681.76,0.657709,939,-1,5854,-1,476,436,938,876,1936,1910,4.02185,-1,832.089,3744.26,28.7621,148.445,2.2928,150.787,0.988166,470,256,3990,1811,124,124,872,433,960,923,94.0473,145924,4161.2,21343.9,78.5255,376.72,5.85346,383.668,0.43382,6.01667
/home/johannes/MultipleCueEstimation/Datasets/castle-P30/0002.png,/home/johannes/MultipleCueEstimation/Datasets/castle-P30/0003.png,3358,2861,0.731931,0.731931,0.544037,0.544037,2899,2853,4500.18,0.412057,1.12232,0.387928,1.12258,470,255,3990,1798,300,143,985,767,1027,790,1.19136,43163.3,1046.85,1858.19,1206.99,1967.39,24.1308,2295.71,0.576179,939,-1,5854,-1,456,393,1084,932,2189,2080,21.4684,-1,10846.3,59841.5,275.418,642.889,7.63549,696.447,0.81773,470,256,3990,1806,124,123,2168,1082,2126,2121,2.03016,45229.3,3937.63,23180.1,8.21987,19.631,2.11868,20.5575,0.82865,33.5333
/home/johannes/MultipleCueEstimation/Datasets/castle-P30/0002.png,/home/johannes/MultipleCueEstimation/Datasets/castle-P30/0003.png,3003,2600,0.722995,0.722995,0.530683,0.530683,2030,1889,6103.09,25.1715,83.1086,2.86499,86.0513,470,255,3990,1798,300,143,985,767,999,771,1.19136,43163.3,1142.17,2158.41,1230.61,2028.63,23.9943,2360.47,0.625179,939,-1,5854,-1,458,402,1128,1029,1883,1864,19.4601,-1,7585.38,37357.1,295.091,653.699,8.09036,713.949,0.828574,470,257,3990,1809,106,105,760,378,1213,1175,4.20927,34372.7,6166.69,32083.1,80.463,180.343,5.91717,195.148,0.551423,9.65
/home/johannes/MultipleCueEstimation/Datasets/castle-P30/0002.png,/home/johannes/MultipleCueEstimation/Datasets/castle-P30/0003.png,3354,2890,0.295415,0.295415,0.373471,0.373471,2890,2888,3492.79,0.170535,0.746883,0.21646,0.748294,470,255,3990,1798,300,143,985,767,1105,888,1.19136,43163.3,705.327,1491.49,804.35,1583.88,18.1607,1768.32,0.516681,939,-1,5854,-1,526,460,1338,1206,2338,2336,26.3086,-1,9123.57,51691.5,43.2574,157.761,2.59022,162.92,0.682155,470,257,3990,1809,124,124,1136,568,2800,2798,1.0442,39443.7,2868.85,16878,1.78,7.08529,0.906801,7.13891,0.847653,14.5333
/home/johannes/MultipleCueEstimation/Datasets/castle-P30/0002.png,/home/johannes/MultipleCueEstimation/Datasets/castle-P30/0003.png,3259,2869,0.270086,0.270086,0.354054,0.354054,2870,2868,4400.87,0.198488,0.711857,0.258814,0.714409,470,255,3990,1798,300,143,985,767,1132,915,1.19136,43163.3,1061.87,1963.8,1103.82,2059.71,21.1399,2327.02,0.560815,939,-1,5854,-1,494,422,1174,1086,2138,2067,9.83914,-1,3091.3,15485.8,211.396,509.532,6.51157,549.195,0.747269,470,256,3990,1821,125,125,1624,811,2516,2513,0.380076,47761.4,6281.58,35913,4.07626,8.48109,1.35932,8.9058,0.832254,8.76667
/home/johannes/MultipleCueEstimation/Datasets/castle-P30/0002.png,/home/johannes/MultipleCueEstimation/Datasets/castle-P30/0003.png,2747,2318,0.681995,0.681995,0.545168,0.545168,1992,1809,572.574,10.6793,23.8745,1.77201,25.4826,470,255,3990,1798,300,143,985,767,1225,944,1.19136,43163.3,620.975,1635.66,708.821,1744.46,15.3521,1877.3,0.703415,939,-1,5854,-1,458,380,838,723,1949,1791,1.4463,-1,630.926,3206.17,11.4148,25.0639,1.78431,26.8512,0.995874,470,257,3990,1808,98,97,1274,637,1612,1592,8.97279,48936.8,9869.04,49061.1,14.3476,60.8664,2.56839,61.9962,0.672978,7.18333
/home/johannes/MultipleCueEstimation/Datasets/castle-P30/0002.png,/home/johannes/MultipleCueEstimation/Datasets/castle-P30/0003.png,3034,2428,0.948056,0.948056,0.659045,0.659045,2448,2396,4352.06,0.918217,2.21951,0.632217,2.23787,470,255,3990,1798,300,143,985,767,1203,925,1.19136,43163.3,575.335,1499.97,664.85,1634.19,14.4672,1758.91,0.619924,939,-1,5854,-1,486,376,1082,877,1899,1718,56.0221,-1,5930.09,32066.8,35.0177,122.332,2.83181,126.497,0.67981,470,256,3990,1805,138,137,1488,739,2296,2256,1.4514,46422.4,3816.12,21313.3,2.89931,9.74682,1.14534,9.90344,0.828636,33.5
/home/johannes/MultipleCueEstimation/Datasets/castle-P30/0002.png,/home/johannes/MultipleCueEstimation/Datasets/castle-P30/0003.png,3059,2611,0.746769,0.746769,0.563324,0.563324,2221,2058,205.617,209.243,651.308,5.78299,682.359,470,255,3990,1798,300,143,985,767,1543,1326,1.19136,43163.3,641.921,1743.21,648.942,1832.24,12.264,1939.75,0.865498,939,-1,5854,-1,496,455,1020,902,1633,1555,651.098,-1,8263.74,40209.2,530.063,1033.45,12.7571,1155.74,0.806967,470,257,3990,1814,91,91,896,448,1037,972,8.72421,53448.1,351.069,1689.62,87.0356,153.59,6.72213,173.328,0.708605,25.45
/home/johannes/MultipleCueEstimation/Datasets/herz-jesu-P8/0000.png,/home/johannes/MultipleCueEstimation/Datasets/herz-jesu-P8/0002.png,751,646,1.05816,1.05816,0.770557,0.770557,650,645,56.8072,1.09958,1.67543,0.78482,1.70479,64,61,4188,666,62,61,660,638,674,646,1.50846,265068,57.1232,371.343,1.37723,1.88075,0.913438,1.93718,1,158,-1,8578,-1,42,17,72,30,185,129,40.8579,-1,1103.4,3304.79,973.027,1564.24,22.576,1830.74,0.229704,64,61,4188,656,38,37,428,214,576,558,0.660097,264742,87.1908,541.145,12.453,111.573,1.57477,112.103,0.814453,4.16667
/home/johannes/MultipleCueEstimation/Datasets/herz-jesu-P8/0000.png,/home/johannes/MultipleCueEstimation/Datasets/herz-jesu-P8/0002.png,769,697,1.04568,1.04568,0.75756,0.75756,702,693,62.2239,1.11711,1.87874,0.778056,1.90914,64,61,4188,666,62,61,660,638,713,690,1.50846,265068,63.6113,510.242,1.47056,2.09164,0.933315,2.15963,0.999775,158,-1,8578,-1,42,20,86,59,235,212,50.3508,-1,600.243,3869.54,279.673,515.122,11.4137,580.876,0.284535,64,61,4188,657,39,39,428,214,614,610,0.67915,268240,67.4435,452.772,11.7962,103.574,1.64461,104.071,0.8778,4.28333
/home/johannes/MultipleCueEstimation/Datasets/herz-jesu-P8/0000.png,/home/johannes/MultipleCueEstimation/Datasets/herz-jesu-P8/0002.png,818,743,0.939942,0.939942,0.729315,0.729315,748,740,8.12626,1.05612,1.90543,0.762667,1.92793,64,61,4188,666,62,61,660,638,756,734,1.50846,265068,9.03843,46.6628,1.39333,2.20418,0.894907,2.2599,1,158,-1,8578,-1,48,37,114,84,298,266,53.2224,-1,228.035,458.368,211.428,406.95,9.81508,454.214,0.322829,64,61,4188,660,40,40,420,210,649,644,0.59877,259888,25.2154,144.803,11.1807,96.4997,1.52713,96.982,0.757592,4.45
/home/johannes/MultipleCueEstimation/Datasets/herz-jesu-P8/0000.png,/home/johannes/MultipleCueEstimation/Datasets/herz-jesu-P8/0002.png,817,776,1.04627,1.04627,0.766905,0.766905,778,773,6.18597,1.14314,1.77211,0.799719,1.80512,64,61,4188,666,62,61,660,638,795,773,1.50846,265068,6.83855,57.7688,1.57047,2.04519,0.986519,2.12703,1,158,-1,8578,-1,44,41,110,100,416,395,2.68226,-1,100.042,518.911,62.9245,153.514,5.05005,164.074,0.431647,64,61,4188,667,38,37,436,218,749,738,0.634895,258013,13.0938,84.0242,6.29804,55.9618,1.30389,56.1845,0.857825,4.63333
/home/johannes/MultipleCueEstimation/Datasets/herz-jesu-P8/0000.png,/home/johannes/MultipleCueEstimation/Datasets/herz-jesu-P8/0002.png,799,685,1.15292,1.15292,0.80931,0.80931,687,678,77.5479,1.26789,2.03692,0.841803,2.08107,64,61,4188,666,62,61,660,638,702,679,1.50846,265068,79.7778,517.536,1.66434,2.3855,0.994277,2.47795,1,158,-1,8578,-1,44,28,98,50,260,215,456.294,-1,971.088,2020,907.255,1718.28,19.8985,1934.18,0.312614,64,61,4188,662,39,39,414,207,415,414,3.4561,247257,3983.28,21458.3,1751.61,10409.5,16.0865,10553.4,0.476036,4.35
/home/johannes/MultipleCueEstimation/Datasets/herz-jesu-P8/0000.png,/home/johannes/MultipleCueEstimation/Datasets/herz-jesu-P8/0002.png,753,663,1.07847,1.07847,0.774295,0.774295,667,657,96.4422,1.13825,1.92964,0.78687,1.96142,64,61,4188,666,62,61,660,638,680,657,1.50846,265068,95.8578,976.811,1.59706,2.17093,0.982449,2.25638,0.999984,158,-1,8578,-1,40,17,74,39,104,55,6013.09,-1,8938.77,25669.2,7169.6,9352.64,65.7829,11747.9,0.124325,64,61,4188,648,39,39,532,266,551,544,0.754245,267123,107.741,968.998,12.8961,96.947,1.70911,97.5913,0.826524,4.35
/home/johannes/MultipleCueEstimation/Datasets/herz-jesu-P8/0000.png,/home/johannes/MultipleCueEstimation/Datasets/herz-jesu-P8/0002.png,776,669,0.975933,0.975933,0.745138,0.745138,676,668,327.235,1.04754,1.65013,0.7763,1.67231,64,61,4188,666,62,61,660,638,689,667,1.50846,265068,320.654,4405.51,1.36985,1.90712,0.912195,1.96134,1,158,-1,8578,-1,40,15,82,39,131,104,7500.37,-1,17752.7,112799,12834.5,93517.9,53.6909,94388.5,0.155484,64,61,4188,665,38,38,534,267,581,579,0.820052,263645,347.84,4542.49,11.946,98.9747,1.5644,99.5185,0.85919,4.26667
/home/johannes/MultipleCueEstimation/Datasets/herz-jesu-P8/0000.png,/home/johannes/MultipleCueEstimation/Datasets/herz-jesu-P8/0002.png,859,750,1.2003,1.2003,0.818301,0.818301,748,742,38.8993,1.40784,2.77701,0.860741,2.83046,64,61,4188,666,62,61,660,638,759,735,1.50846,265068,40.4443,268.766,1.76063,3.31545,1.00253,3.40114,1,158,-1,8578,-1,40,22,126,81,427,357,49.0569,-1,235.598,1770.13,105.408,364.371,6.3754,377.607,0.483735,64,61,4188,651,38,37,514,257,483,479,2.69149,250666,3858.22,18325.9,1826.97,9946.77,15.942,10110.5,0.510196,4.6
/home/johannes/MultipleCueEstimation/Datasets/herz-jesu-P8/0000.png,/home/johannes/MultipleCueEstimation/Datasets/herz-jesu-P8/0002.png,780,683,1.24705,1.24705,0.833328,0.833328,702,675,20.2615,1.25882,2.29976,0.80877,2.34344,64,61,4188,666,62,61,660,638,721,678,1.50846,265068,19.7948,157.73,1.49282,2.11265,0.94972,2.18144,1,158,-1,8578,-1,36,14,92,53,179,139,63.6618,-1,640.902,3331.96,458.59,1807.03,14.1313,1860.96,0.204476,64,61,4188,668,37,36,402,201,632,619,2.61937,261000,37.986,233.867,8.36838,64.9947,1.49821,65.3573,0.805208,4.36667
/home/johannes/MultipleCueEstimation/Datasets/herz-jesu-P8/0000.png,/home/johannes/MultipleCueEstimation/Datasets/herz-jesu-P8/0002.png,895,785,1.10872,1.10872,0.76393,0.76393,782,778,10.1882,1.1141,1.91532,0.761116,1.94761,64,61,4188,666,62,61,660,638,819,784,1.50846,265068,10.9588,112.07,1.88688,2.3888,1.08177,2.52099,1,158,-1,8578,-1,42,22,150,105,410,362,6.49879,-1,304.203,2802.09,99.2565,510.713,5.87373,519.191,0.406959,64,61,4188,664,38,38,438,219,700,664,0.606011,259954,30.7381,269.321,11.0585,97.0804,1.65982,97.5349,0.754389,4.68333
first image, second image, featureCountCombined, trueFeatureCountCombined, Fgt: trueSampsonErr, Fgt: trueErrorStdDev, Fgt: trueRootSampsonErr, Fgt: trueRootErrorStdDev, refined F: inlierCountCombined, refined F: trueInlierCountCombined, refined F: sampsonErrCombined, refined F: trueSampsonErr, refined F: trueSampsonErrStdDev, refined F: trueRootSampsonErr, refined F: trueRootSampsonErrStdDev, F_Points: featureCountGood, F_Points: trueFeatureCountGood, F_Points: featureCountComplete, F_Points: trueFeatureCountComplete, F_Points: inlierCountOwnGood, F_Points: trueInlierCountOwnGood, F_Points: inlierCountOwnComplete, F_Points: trueInlierCountOwnComplete, F_Points: inlierCountCombined, F_Points: trueInlierCountCombined, F_Points: sampsonErrOwn, F_Points: sampsonErrComplete, F_Points: sampsonErrCombined, F_Points: sampsonErrStdDevCombined, F_Points: trueSampsonErr, F_Points: trueSampsonErrStdDev, F_Points: trueRootSampsonErr, F_Points: trueRootSampsonErrStdDev, F_Points: quality, H_Lines: featureCountGood, H_Lines: trueFeatureCountGood, H_Lines: featureCountComplete, H_Lines: trueFeatureCountComplete, H_Lines: inlierCountOwnGood, H_Lines: trueInlierCountOwnGood, H_Lines: inlierCountOwnComplete, H_Lines: trueInlierCountOwnComplete, H_Lines: inlierCountCombined, H_Lines: trueInlierCountCombined, H_Lines: sampsonErrOwn, H_Lines: sampsonErrComplete, H_Lines: sampsonErrCombined, H_Lines: sampsonErrStdDevCombined, H_Lines: trueSampsonErr, H_Lines: trueSampsonErrStdDev, H_Lines: trueRootSampsonErr, H_Lines: trueRootSampsonErrStdDev, H_Lines: quality, H_Points: featureCountGood, H_Points: trueFeatureCountGood, H_Points: featureCountComplete, H_Points: trueFeatureCountComplete, H_Points: inlierCountOwnGood, H_Points: trueInlierCountOwnGood, H_Points: inlierCountOwnComplete, H_Points: trueInlierCountOwnComplete, H_Points: inlierCountCombined, H_Points: trueInlierCountCombined, H_Points: sampsonErrOwn, H_Points: sampsonErrComplete, H_Points: sampsonErrCombined, H_Points: sampsonErrStdDevCombined, H_Points: trueSampsonErr, H_Points: trueSampsonErrStdDev, H_Points: trueRootSampsonErr, H_Points: trueRootSampsonErrStdDev, H_Points: quality, time (min)
/home/johannes/MultipleCueEstimation/Datasets/castle-P30/0000.png,/home/johannes/MultipleCueEstimation/Datasets/castle-P30/0003.png,347,259,0.664616,0.664616,0.56496,0.56496,321,247,2.83778,2.10984,3.728,1.09007,3.86548,613,90,7657,896,49,29,398,309,347,259,2.64808,155518,2.68345,2.59961,2.73455,2.5904,1.40749,2.91172,1,,,,,,,,,,,,,,,,,,,,,,,,,,,,,,,,,,,,,,,3.58333
/home/johannes/MultipleCueEstimation/Datasets/castle-P30/0000.png,/home/johannes/MultipleCueEstimation/Datasets/castle-P30/0003.png,482,318,1.15432,1.15432,0.778403,0.778403,324,249,2538.29,557.552,1782.04,10.1969,1864.46,613,90,7657,896,49,29,398,309,347,259,2.64808,155518,2516.91,7352.49,541.479,1754.53,10.2865,1833.42,1,100,-1,7945,-1,28,9,76,33,133,80,4303.55,-1,5661.19,26651.7,167.266,282.158,9.66451,323.311,0.395307,,,,,,,,,,,,,,,,,,,,4.68333
/home/johannes/MultipleCueEstimation/Datasets/castle-P30/0000.png,/home/johannes/MultipleCueEstimation/Datasets/castle-P30/0003.png,528,287,0.93373,0.93373,0.675778,0.675778,350,251,1626.29,1119.48,6498.93,7.50012,6593.7,613,90,7657,896,49,29,398,309,362,259,2.64808,155518,1639,7038.17,1135.85,6581.79,7.91896,6678.07,1,100,-1,7945,-1,36,6,98,14,60,20,27033,-1,19303.1,45767.6,4935.73,10802.1,47.9678,11860,0.149587,,,,,,,,,,,,,,,,,,,,4.7
/home/johannes/MultipleCueEstimation/Datasets/castle-P30/0000.png,/home/johannes/MultipleCueEstimation/Datasets/castle-P30/0003.png,470,261,0.676561,0.676561,0.569149,0.569149,337,255,5403.12,2.2321,3.33094,1.22791,3.47957,613,90,7657,896,49,29,398,309,347,259,2.64808,155518,5431.11,11916.8,2.89677,3.25271,1.43361,3.5678,0.969569,100,-1,7945,-1,32,0,70,1,28,1,1042.73,-1,4603.09,19721.6,1277.5,653.058,34.4799,1406.25,0.265231,,,,,,,,,,,,,,,,,,,,3.53333
/home/johannes/MultipleCueEstimation/Datasets/castle-P30/0000.png,/home/johannes/MultipleCueEstimation/Datasets/castle-P30/0003.png,535,259,0.664616,0.664616,0.56496,0.56496,350,249,15758.2,2.11286,3.3761,1.11061,3.52228,613,90,7657,896,49,29,398,309,376,259,2.64808,155518,15565.1,114397,2.73455,2.5904,1.40749,2.91172,1,100,-1,7945,-1,34,0,110,0,77,1,110739,-1,95806.3,169947,62576.1,148403,167.736,161038,0.197274,,,,,,,,,,,,,,,,,,,,4.76667
/home/johannes/MultipleCueEstimation/Datasets/castle-P30/0000.png,/home/johannes/MultipleCueEstimation/Datasets/castle-P30/0003.png,347,259,0.664616,0.664616,0.56496,0.56496,321,247,2.83778,2.10984,3.728,1.09007,3.86548,613,90,7657,896,49,29,398,309,347,259,2.64808,155518,2.68345,2.59961,2.73455,2.5904,1.40749,2.91172,1,,,,,,,,,,,,,,,,,,,,,,,,,,,,,,,,,,,,,,,5.73333
/home/johannes/MultipleCueEstimation/Datasets/castle-P30/0000.png,/home/johannes/MultipleCueEstimation/Datasets/castle-P30/0003.png,767,495,0.678547,0.678547,0.600542,0.600542,393,321,896.629,46.8815,270.284,3.24885,273.79,613,90,7657,896,49,29,398,309,358,269,2.64808,155518,915.772,7677.05,63.8649,287.808,4.74783,293.828,1,100,-1,7945,-1,30,0,60,0,54,1,478.302,-1,11552.6,31015,5135.65,12160.3,56.2284,13180.5,0.136746,612,90,7657,924,67,44,1172,503,106,18,1018.09,84286,4478.33,24335.5,1183.99,865.932,31.7075,1442.32,0.277845,4.41667
/home/johannes/MultipleCueEstimation/Datasets/castle-P30/0000.png,/home/johannes/MultipleCueEstimation/Datasets/castle-P30/0003.png,612,286,1.0634,1.0634,0.703475,0.703475,321,247,2179.63,538.215,2989.01,6.69106,3036.07,613,90,7657,896,49,29,398,309,349,259,2.64808,155518,2175.91,6185.46,526.873,2906.95,6.93487,2953.24,1,100,-1,7945,-1,34,3,154,14,216,27,282.06,-1,6180.57,18127.5,6429.56,9466.75,65.214,11413.4,0.565093,,,,,,,,,,,,,,,,,,,,5.01667
/home/johannes/MultipleCueEstimation/Datasets/castle-P30/0000.png,/home/johannes/MultipleCueEstimation/Datasets/castle-P30/0003.png,623,435,0.836405,0.836405,0.647769,0.647769,411,363,1338.95,87.2568,445.763,2.9724,453.679,613,90,7657,896,49,29,398,309,364,270,2.64808,155518,1377.01,5677.27,97.9586,398.393,4.91072,409.139,0.946773,100,-1,7945,-1,32,5,68,10,61,5,1672.08,-1,8438.23,20745.8,5865.37,6131.39,65.9744,8444.2,0.157997,613,91,7657,920,43,34,838,412,390,385,78.2017,74073.6,17162.7,50957.1,2835.8,22159.3,10.6957,22339.1,0.81464,7.01667
/home/johannes/MultipleCueEstimation/Datasets/castle-P30/0000.png,/home/johannes/MultipleCueEstimation/Datasets/castle-P30/0003.png,464,273,0.82933,0.82933,0.623318,0.623318,321,245,2613.53,172.846,1529.6,3.55961,1538.97,613,90,7657,896,49,29,398,309,349,259,2.64808,155518,2615.93,12767.7,171.599,1500.55,3.85063,1509.93,1,100,-1,7945,-1,32,3,64,8,91,17,346.636,-1,30712.4,84724.2,23347.2,19070.6,142.093,30069,0.225481,,,,,,,,,,,,,,,,,,,,5.43333
/home/johannes/MultipleCueEstimation/Datasets/castle-P30/0001.png,/home/johannes/MultipleCueEstimation/Datasets/castle-P30/0002.png,2889,2594,0.76649,0.76649,0.571574,0.571574,2467,2204,14.7686,15.6417,55.129,1.79156,56.8429,445,315,4526,1548,378,283,1479,1184,2570,2285,2.00293,53059.9,11.695,42.896,12.2923,42.3651,1.97218,43.6045,1,271,-1,5590,-1,162,160,848,843,2552,2516,0.220361,-1,474.158,2940.1,1.27537,4.05928,0.625276,4.11103,0.797764,445,315,4526,1541,233,231,1494,747,1611,1588,21.104,55245.5,2325.48,15176,291.007,1241.6,8.44935,1273.36,0.501487,13.3667
/home/johannes/MultipleCueEstimation/Datasets/castle-P30/0001.png,/home/johannes/MultipleCueEstimation/Datasets/castle-P30/0002.png,2395,1880,0.892448,0.892448,0.658385,0.658385,2256,1824,2.64611,1.45336,3.71745,0.834891,3.76857,445,315,4526,1548,378,283,1479,1184,2225,1811,2.00293,53059.9,3.60532,7.22127,2.98604,6.32798,1.33461,6.54004,1,271,-1,5590,-1,152,129,560,437,1977,1766,6.3029,-1,22.9426,176.167,1.77504,5.46982,0.744406,5.56612,0.740861,,,,,,,,,,,,,,,,,,,,12.2333
/home/johannes/MultipleCueEstimation/Datasets/castle-P30/0001.png,/home/johannes/MultipleCueEstimation/Datasets/castle-P30/0002.png,2481,1997,0.760271,0.760271,0.536806,0.536806,2071,1796,11.9934,3.85047,11.3149,1.19295,11.6229,445,315,4526,1548,378,283,1479,1184,2094,1798,2.00293,53059.9,15.4248,67.7888,5.77328,14.4764,1.68193,15.0437,1,271,-1,5590,-1,144,114,584,482,1539,1440,6.44689,-1,4266.82,32003.1,141.364,1244.8,4.35379,1252.32,0.587518,445,315,4526,1550,237,236,1584,788,1548,1545,15.4096,159877,7471.93,38348.3,21.6774,69.7121,2.60661,72.2749,0.590639,11.5
/home/johannes/MultipleCueEstimation/Datasets/castle-P30/0001.png,/home/johannes/MultipleCueEstimation/Datasets/castle-P30/0002.png,2692,1981,0.920968,0.920968,0.65059,0.65059,2179,1823,131.976,3.3691,10.8836,1.06445,11.125,445,315,4526,1548,378,283,1479,1184,2079,1708,2.00293,53059.9,126.753,551.488,6.37906,15.3838,1.79305,16.0532,1,271,-1,5590,-1,160,106,668,435,1788,1359,0.751168,-1,1951.61,10199.3,82.2583,809.722,3.69265,813.527,0.699721,445,315,4526,1554,233,233,1544,772,1208,1067,25.0017,49435.5,2232.44,12412.1,189.985,1072.72,7.64573,1088.11,0.475333,11.8833
/home/johannes/MultipleCueEstimation/Datasets/castle-P30/0001.png,/home/johannes/MultipleCueEstimation/Datasets/castle-P30/0002.png,2712,1992,0.728709,0.728709,0.518473,0.518473,2267,1904,160.111,2.0713,8.00697,0.901297,8.09204,445,315,4526,1548,378,283,1479,1184,2090,1758,2.00293,53059.9,168.43,1524.07,6.46291,22.4362,1.73225,22.9298,1,271,-1,5590,-1,166,109,684,453,1595,1421,21.4389,-1,3963.34,30093.7,105.461,1046.09,4.01892,1051,0.617891,445,315,4526,1555,241,241,1534,766,1234,1172,1.39716,139949,5730.76,39949.2,304.076,1750.41,8.22648,1775.25,0.477344,11.7333
/home/johannes/MultipleCueEstimation/Datasets/castle-P30/0001.png,/home/johannes/MultipleCueEstimation/Datasets/castle-P30/0002.png,2388,1903,0.565474,0.565474,0.427788,0.427788,2027,1746,18.7756,2.64439,7.33457,1.01361,7.51377,445,315,4526,1548,378,283,1479,1184,2061,1745,2.00293,53059.9,17.8417,76.7823,3.99599,9.31678,1.4366,9.66211,1,271,-1,5590,-1,184,152,594,483,1691,1467,1.03496,-1,2715.66,13014.7,88.9135,710.008,3.57026,715.121,0.656393,,,,,,,,,,,,,,,,,,,,10.1333
/home/johannes/MultipleCueEstimation/Datasets/castle-P30/0001.png,/home/johannes/MultipleCueEstimation/Datasets/castle-P30/0002.png,1463,1178,0.380741,0.380741,0.356362,0.356362,1360,1092,2.41923,2.50617,7.77935,0.960208,7.93161,445,315,4526,1548,378,283,1479,1184,1385,1100,2.00293,53059.9,4.53682,13.8596,5.20889,15.334,1.53534,15.7683,1,,,,,,,,,,,,,,,,,,,,445,314,4526,1554,216,216,1534,766,844,826,11.5601,96855.8,6238.78,38849.6,72.4373,424.778,3.81786,430.289,0.486682,6.95
/home/johannes/MultipleCueEstimation/Datasets/castle-P30/0001.png,/home/johannes/MultipleCueEstimation/Datasets/castle-P30/0002.png,2526,1933,0.692981,0.692981,0.530203,0.530203,2146,1852,250.469,1.84506,6.30154,0.839329,6.38133,445,315,4526,1548,378,283,1479,1184,2080,1762,2.00293,53059.9,246.893,1274.49,5.34836,15.0126,1.59809,15.4741,1,271,-1,5590,-1,160,124,578,418,1013,960,303.39,-1,27734,171801,246.096,1643.13,7.78593,1660.33,0.390629,445,313,4526,1548,257,256,1566,781,1541,1481,13.2398,59102.7,4819.41,24424.7,24.642,116.895,2.47543,118.979,0.601839,8.66667
/home/johannes/MultipleCueEstimation/Datasets/castle-P30/0001.png,/home/johannes/MultipleCueEstimation/Datasets/castle-P30/0002.png,2417,1768,0.969777,0.969777,0.626245,0.626245,2116,1679,10.8777,1.82786,3.98679,0.95266,4.08178,445,315,4526,1548,378,283,1479,1184,2019,1558,2.00293,53059.9,17.2897,139.095,6.97691,18.4333,1.78115,19.152,1,271,-1,5590,-1,158,105,528,337,1068,870,34.7307,-1,1943.64,10473.9,39.3011,96.2511,4.16541,102.467,0.424137,445,315,4526,1551,259,259,1580,790,1154,1016,0.836446,124514,5974.15,40339.6,325.446,1780.2,8.70105,1808.18,0.456928,9.68333
/home/johannes/MultipleCueEstimation/Datasets/castle-P30/0001.png,/home/johannes/MultipleCueEstimation/Datasets/castle-P30/0002.png,2486,2063,0.474974,0.474974,0.433132,0.433132,2242,1968,57.5222,1.80002,5.49888,0.838416,5.58236,445,315,4526,1548,378,283,1479,1184,2244,1943,2.00293,53059.9,57.7153,442.261,4.40493,13.5569,1.43268,13.8791,1,271,-1,5590,-1,150,118,616,544,1446,1407,202.676,-1,27785.3,171601,286.828,1884.71,6.79347,1905.42,0.514899,445,315,4526,1544,252,252,1606,803,1677,1663,6.65418,111813,6106.64,43862.5,61.0736,470.199,2.9809,473.775,0.598574,11.15
first image, second image, featureCountCombined, trueFeatureCountCombined, Fgt: trueSampsonErr, Fgt: trueErrorStdDev, Fgt: trueRootSampsonErr, Fgt: trueRootErrorStdDev, refined F: inlierCountCombined, refined F: trueInlierCountCombined, refined F: sampsonErrCombined, refined F: trueSampsonErr, refined F: trueSampsonErrStdDev, refined F: trueRootSampsonErr, refined F: trueRootSampsonErrStdDev, F_Points: featureCountGood, F_Points: trueFeatureCountGood, F_Points: featureCountComplete, F_Points: trueFeatureCountComplete, F_Points: inlierCountOwnGood, F_Points: trueInlierCountOwnGood, F_Points: inlierCountOwnComplete, F_Points: trueInlierCountOwnComplete, F_Points: inlierCountCombined, F_Points: trueInlierCountCombined, F_Points: sampsonErrOwn, F_Points: sampsonErrComplete, F_Points: sampsonErrCombined, F_Points: sampsonErrStdDevCombined, F_Points: trueSampsonErr, F_Points: trueSampsonErrStdDev, F_Points: trueRootSampsonErr, F_Points: trueRootSampsonErrStdDev, F_Points: quality, H_Lines: featureCountGood, H_Lines: trueFeatureCountGood, H_Lines: featureCountComplete, H_Lines: trueFeatureCountComplete, H_Lines: inlierCountOwnGood, H_Lines: trueInlierCountOwnGood, H_Lines: inlierCountOwnComplete, H_Lines: trueInlierCountOwnComplete, H_Lines: inlierCountCombined, H_Lines: trueInlierCountCombined, H_Lines: sampsonErrOwn, H_Lines: sampsonErrComplete, H_Lines: sampsonErrCombined, H_Lines: sampsonErrStdDevCombined, H_Lines: trueSampsonErr, H_Lines: trueSampsonErrStdDev, H_Lines: trueRootSampsonErr, H_Lines: trueRootSampsonErrStdDev, H_Lines: quality, H_Points: featureCountGood, H_Points: trueFeatureCountGood, H_Points: featureCountComplete, H_Points: trueFeatureCountComplete, H_Points: inlierCountOwnGood, H_Points: trueInlierCountOwnGood, H_Points: inlierCountOwnComplete, H_Points: trueInlierCountOwnComplete, H_Points: inlierCountCombined, H_Points: trueInlierCountCombined, H_Points: sampsonErrOwn, H_Points: sampsonErrComplete, H_Points: sampsonErrCombined, H_Points: sampsonErrStdDevCombined, H_Points: trueSampsonErr, H_Points: trueSampsonErrStdDev, H_Points: trueRootSampsonErr, H_Points: trueRootSampsonErrStdDev, H_Points: quality, time (min)
/home/johannes/MultipleCueEstimation/Datasets/castle-P30/0003.png,/home/johannes/MultipleCueEstimation/Datasets/castle-P30/0004.png,5716,4670,1.23998,1.23998,0.762675,0.762675,4868,4605,8.21476,1.25022,2.39163,0.789529,2.4356,856,600,5590,2587,573,568,2529,2466,4701,4413,1.09387,37732.3,8.96655,28.7574,1.84809,3.06885,1.02431,3.17751,1,525,-1,7465,-1,344,224,1786,1273,3657,3015,35.1442,-1,45.1966,95.1621,34.5295,62.9337,3.45797,70.1876,0.661295,856,599,5590,2617,435,435,3672,1836,4650,4604,0.241294,36197.6,11.289,113.826,1.35503,2.28861,0.849964,2.34369,0.948784,16.6667
/home/johannes/MultipleCueEstimation/Datasets/castle-P30/0003.png,/home/johannes/MultipleCueEstimation/Datasets/castle-P30/0004.png,5998,5492,0.728336,0.728336,0.580009,0.580009,5567,5424,157.759,0.704047,6.11592,0.475681,6.12018,856,600,5590,2587,573,568,2529,2466,5651,5474,1.09387,37732.3,154.39,1153.99,1.46066,1.7249,1.02991,1.77788,1,525,-1,7465,-1,362,305,2020,1780,3772,3634,26.7888,-1,2416.09,29701.6,1853.37,17929,17.3248,18022.8,0.54576,856,600,5590,2579,446,446,3636,1818,5474,5462,0.278816,37756.8,159.107,1183.23,0.943031,1.74793,0.712861,1.76302,0.969026,19.2333
/home/johannes/MultipleCueEstimation/Datasets/castle-P30/0003.png,/home/johannes/MultipleCueEstimation/Datasets/castle-P30/0004.png,5880,5647,0.477387,0.477387,0.445871,0.445871,5513,5510,12.9562,0.807928,2.33667,0.543677,2.35156,856,600,5590,2587,573,568,2529,2466,5516,5455,1.09387,37732.3,11.8456,167.021,1.84599,2.63437,1.11333,2.73437,0.999132,525,-1,7465,-1,352,324,1976,1885,4514,4482,64.9777,-1,247.57,4834.88,150.846,808.411,4.48704,821.555,0.66228,855,600,5590,2585,450,450,3600,1800,5522,5509,0.27754,36927.2,13.5523,205.268,1.04355,2.46395,0.703347,2.48733,0.974492,18.4833
/home/johannes/MultipleCueEstimation/Datasets/castle-P30/0003.png,/home/johannes/MultipleCueEstimation/Datasets/castle-P30/0004.png,6706,6488,0.196597,0.196597,0.273931,0.273931,6529,6451,1.3805,0.373791,1.21895,0.402187,1.21928,856,600,5590,2587,573,568,2529,2466,6553,6467,1.09387,37732.3,2.06979,9.07537,1.0852,1.3418,0.891463,1.35572,1,525,-1,7465,-1,450,434,2812,2729,5833,5732,2.01076,-1,14.5148,225.357,6.21058,36.9281,0.940634,37.3023,0.739223,856,600,5590,2607,418,418,3642,1821,6480,6468,0.29202,35841.6,4.36043,127.692,0.554194,1.20331,0.565744,1.20336,0.884397,8.85
/home/johannes/MultipleCueEstimation/Datasets/castle-P30/0003.png,/home/johannes/MultipleCueEstimation/Datasets/castle-P30/0004.png,6191,5992,0.239025,0.239025,0.316373,0.316373,6011,5985,11.969,0.483782,1.11413,0.476634,1.11415,856,600,5590,2587,573,568,2529,2466,6025,5961,1.09387,37732.3,10.6982,112.076,1.26283,1.59308,0.960036,1.6216,1,525,-1,7465,-1,356,314,2338,2266,4956,4923,11.5596,-1,117.665,3200.32,51.6648,498.89,2.46564,501.31,0.674962,856,600,5590,2594,393,393,3112,1553,4438,4388,5.39411,37421.4,29.5606,298.496,10.4766,21.7472,2.20301,23.2681,0.661088,14.1667
/home/johannes/MultipleCueEstimation/Datasets/castle-P30/0003.png,/home/johannes/MultipleCueEstimation/Datasets/castle-P30/0004.png,6205,6036,0.213649,0.213649,0.302662,0.302662,6046,6028,11.7999,0.317654,0.872797,0.38758,0.875594,856,600,5590,2587,573,568,2529,2466,6067,6006,1.09387,37732.3,10.1573,80.4853,1.2188,1.47918,0.952242,1.503,1,525,-1,7465,-1,364,342,2358,2298,4824,4820,36.5898,-1,1008.45,7978.42,750.162,4565.63,10.481,4625.17,0.636858,856,599,5590,2603,439,439,3642,1821,6013,6005,0.366875,37029.3,14.9669,167.955,0.877373,1.71123,0.687502,1.72173,0.927713,17.6667
/home/johannes/MultipleCueEstimation/Datasets/castle-P30/0003.png,/home/johannes/MultipleCueEstimation/Datasets/castle-P30/0004.png,6154,5674,0.674791,0.674791,0.573233,0.573233,5713,5664,5.67486,0.688667,1.95983,0.562512,1.96389,856,600,5590,2587,573,568,2529,2466,5520,5429,1.09387,37732.3,5.62507,25.1279,1.67353,2.66846,1.02494,2.74616,1,525,-1,7465,-1,370,323,2098,1870,4681,4673,16.9438,-1,56.9376,1887.17,23.6572,161.62,1.88738,163.08,0.696798,856,599,5590,2591,423,423,3464,1732,5234,5219,0.682571,38198.2,9.38245,181.032,2.54634,5.12062,1.11679,5.31645,0.876981,20.1
/home/johannes/MultipleCueEstimation/Datasets/castle-P30/0003.png,/home/johannes/MultipleCueEstimation/Datasets/castle-P30/0004.png,6529,6358,0.261077,0.261077,0.322207,0.322207,6374,6351,2.2589,0.293746,0.895431,0.331669,0.896234,856,600,5590,2587,573,568,2529,2466,6396,6334,1.09387,37732.3,2.57747,22.9784,1.0268,1.37627,0.863771,1.38589,1,525,-1,7465,-1,320,300,2676,2618,5051,5037,10.2879,-1,63.8273,1375.25,41.707,281.127,2.64039,283.829,0.638602,856,600,5590,2581,392,392,3078,1539,4774,4746,4.93865,36992.5,12.541,159.559,7.59568,13.6107,1.93015,14.7429,0.637241,15.7667
/home/johannes/MultipleCueEstimation/Datasets/castle-P30/0003.png,/home/johannes/MultipleCueEstimation/Datasets/castle-P30/0004.png,5797,5254,0.977662,0.977662,0.720698,0.720698,5302,5114,112.1,1.21862,3.20586,0.783823,3.23521,856,600,5590,2587,573,568,2529,2466,5322,5127,1.09387,37732.3,108.832,881.929,2.47933,2.80723,1.29749,3.04591,1,525,-1,7465,-1,372,307,1828,1574,3438,3315,175.163,-1,622.803,7219.62,384.844,4313.25,8.87813,4329.6,0.55089,856,600,5590,2599,404,404,3312,1656,4926,4919,0.309985,36750.9,117.663,908.214,2.58489,6.64352,1.06619,6.81493,0.925554,22.7
/home/johannes/MultipleCueEstimation/Datasets/castle-P30/0003.png,/home/johannes/MultipleCueEstimation/Datasets/castle-P30/0004.png,5787,5377,0.502682,0.502682,0.487366,0.487366,5342,5340,4.80086,0.574363,1.4617,0.511743,1.46304,856,600,5590,2587,573,568,2529,2466,5392,5307,1.09387,37732.3,4.08094,11.584,1.77541,2.22159,1.10435,2.32074,0.999113,525,-1,7465,-1,324,302,1862,1683,4646,4404,7.496,-1,10.3768,36.1578,7.13225,21.8272,1.39595,22.5685,0.766314,856,600,5590,2600,368,368,3628,1814,5398,5366,0.302479,37146.1,5.0446,107.58,0.820247,1.44974,0.686265,1.45592,0.96009,21.5
/home/johannes/MultipleCueEstimation/Datasets/castle-P30/0004.png,/home/johannes/MultipleCueEstimation/Datasets/castle-P30/0005.png,4298,3657,1.12871,1.12871,0.742996,0.742996,3725,3644,24.2693,1.15972,1.92922,0.774402,1.96734,683,475,6296,2784,481,473,2772,2747,3662,3631,0.605614,44087.5,24.7728,283.141,1.30228,2.1407,0.819076,2.19457,1,406,-1,7924,-1,218,163,956,641,2535,1957,1.33422,-1,98.6225,983.258,67.2013,207.705,4.93188,216.841,0.603402,683,476,6296,2767,315,315,4106,2051,3586,3582,0.360347,44778.7,28.6698,315.749,1.58348,3.71648,0.881868,3.78215,0.956093,16.1333
/home/johannes/MultipleCueEstimation/Datasets/castle-P30/0004.png,/home/johannes/MultipleCueEstimation/Datasets/castle-P30/0005.png,4437,3807,1.0724,1.0724,0.69736,0.69736,3934,3790,97.1767,0.964657,1.68327,0.707138,1.70286,683,475,6296,2784,481,473,2772,2747,3861,3778,0.605614,44087.5,98.3008,1519.62,1.08147,1.9686,0.723547,2.00088,0.989125,406,-1,7924,-1,224,127,1080,750,2960,2422,273.799,-1,4427.24,21052,4108.91,13169.7,31.6322,13786.6,0.616418,683,475,6296,2785,312,312,4134,2067,3728,3696,0.410879,42074.4,92.994,1443.58,1.41701,3.31073,0.818829,3.36435,0.972497,20.0167
/home/johannes/MultipleCueEstimation/Datasets/castle-P30/0004.png,/home/johannes/MultipleCueEstimation/Datasets/castle-P30/0005.png,4170,2917,0.788737,0.788737,0.595075,0.595075,2932,2912,21.0466,0.813259,1.60431,0.612005,1.61689,683,475,6296,2784,481,473,2772,2747,2933,2903,0.605614,44087.5,21.8335,56.7836,0.902656,1.68564,0.666333,1.70213,1,406,-1,7924,-1,246,73,866,220,1717,644,13.7714,-1,721.714,6614.69,711.256,4225.05,14.5016,4282.14,0.473447,683,475,6296,2770,205,205,2174,1087,1441,1332,6.82402,71331.2,1068.96,6535.07,609.055,3608.99,12.4293,3657.99,0.396354,12.6833
/home/johannes/MultipleCueEstimation/Datasets/castle-P30/0004.png,/home/johannes/MultipleCueEstimation/Datasets/castle-P30/0005.png,5148,3443,1.02366,1.02366,0.689782,0.689782,3485,3429,31.2483,1.05358,1.8357,0.724141,1.86503,683,475,6296,2784,481,473,2772,2747,3458,3421,0.605614,44087.5,32.8047,64.3411,1.16341,2.01442,0.76067,2.0543,1,406,-1,7924,-1,240,96,1424,534,2784,1218,6.45163,-1,515.228,5001.21,542.568,3377.7,12.1531,3419.11,0.65552,683,475,6296,2787,304,304,3998,1997,2573,2318,6.99699,43314.3,56.7249,167.363,11.5677,34.0282,2.41782,35.2373,0.710268,13.1667
/home/johannes/MultipleCueEstimation/Datasets/castle-P30/0004.png,/home/johannes/MultipleCueEstimation/Datasets/castle-P30/0005.png,4169,3846,0.700226,0.700226,0.549315,0.549315,3862,3836,21.3407,0.735183,1.51118,0.579615,1.51917,683,475,6296,2784,481,473,2772,2747,3848,3821,0.605614,44087.5,21.4171,218.187,0.830306,1.69289,0.621744,1.7057,1,406,-1,7924,-1,278,205,930,775,2323,2115,38.255,-1,151.113,2174.61,76.8788,756.114,4.71431,759.551,0.510478,683,475,6296,2789,328,328,4022,2009,3265,3241,4.50007,43194.5,35.1379,264.535,8.09397,44.7353,1.54212,45.2126,0.800746,14.5833
/home/johannes/MultipleCueEstimation/Datasets/castle-P30/0004.png,/home/johannes/MultipleCueEstimation/Datasets/castle-P30/0005.png,4408,3733,0.963839,0.963839,0.674803,0.674803,3743,3704,5.58164,0.999229,1.86102,0.707765,1.88371,683,475,6296,2784,481,473,2772,2747,3714,3683,0.605614,44087.5,6.11829,15.2461,1.11859,2.0117,0.748536,2.04546,1,406,-1,7924,-1,232,139,1052,713,1896,1531,316.978,-1,1107.72,7931.49,785.52,3030.83,16.2748,3126.95,0.408692,683,475,6296,2782,316,315,4128,2061,3683,3641,0.55912,43598.5,7.2269,26.1034,1.60276,5.4587,0.846217,5.51089,0.961887,13.7333
/home/johannes/MultipleCueEstimation/Datasets/castle-P30/0004.png,/home/johannes/MultipleCueEstimation/Datasets/castle-P30/0005.png,4187,3852,0.699968,0.699968,0.535948,0.535948,3863,3840,9.25355,0.736895,1.57168,0.561542,1.58143,683,475,6296,2784,481,473,2772,2747,3862,3830,0.605614,44087.5,9.32255,81.4926,0.789032,1.66414,0.589349,1.67608,1,406,-1,7924,-1,256,189,972,808,2316,2078,3.8287,-1,217.922,2861.7,102.506,598.227,5.4141,606.057,0.487389,683,475,6296,2778,294,294,3788,1894,3411,3380,2.46095,44527.4,15.2819,101.081,5.08509,19.1295,1.65725,19.4342,0.82854,14.15
/home/johannes/MultipleCueEstimation/Datasets/castle-P30/0004.png,/home/johannes/MultipleCueEstimation/Datasets/castle-P30/0005.png,4000,2927,0.873839,0.873839,0.607096,0.607096,2928,2892,95.8717,0.90442,1.88737,0.622624,1.9083,683,475,6296,2784,481,473,2772,2747,2919,2882,0.605614,44087.5,99.6845,976.019,0.995422,2.036,0.67238,2.06148,1,406,-1,7924,-1,222,58,766,215,1237,425,14.4875,-1,863.05,3441.25,1065.3,3438.76,18.7823,3594.53,0.361964,683,475,6296,2773,318,316,3946,1970,2437,2328,5.32489,44145.1,201.135,2150.65,12.1346,49.5875,2.14333,50.5844,0.766397,11.7333
/home/johannes/MultipleCueEstimation/Datasets/castle-P30/0004.png,/home/johannes/MultipleCueEstimation/Datasets/castle-P30/0005.png,4384,3270,0.894167,0.894167,0.635649,0.635649,3271,3248,39.572,0.958269,1.79998,0.674341,1.82225,683,475,6296,2784,481,473,2772,2747,3269,3241,0.605614,44087.5,40.8066,226.82,1.01947,1.90214,0.702051,1.92845,1,406,-1,7924,-1,248,92,1000,429,2142,1156,9.5905,-1,750.24,6533.19,723.038,4231.16,13.8599,4290.2,0.534077,683,475,6296,2783,282,282,3498,1748,3051,3003,2.69226,43171.8,51.9652,231.971,3.15551,7.60912,1.26274,7.84107,0.903852,14.2333
/home/johannes/MultipleCueEstimation/Datasets/castle-P30/0004.png,/home/johannes/MultipleCueEstimation/Datasets/castle-P30/0005.png,4258,3731,0.868176,0.868176,0.640089,0.640089,3758,3724,25.3788,0.871937,1.56767,0.6756,1.57992,683,475,6296,2784,481,473,2772,2747,3747,3707,0.605614,44087.5,25.45,347.278,0.992711,1.76625,0.709941,1.78875,1,406,-1,7924,-1,234,167,994,730,2220,1789,5.68481,-1,428.105,4703.6,271.476,1896.84,7.43156,1915.14,0.485046,683,475,6296,2775,217,213,1978,985,914,912,65.7627,159774,5229.37,18190.7,3853.05,7967.8,44.4853,8831.47,0.195763,12.3167
first image, second image, featureCountCombined, trueFeatureCountCombined, Fgt: trueSampsonErr, Fgt: trueErrorStdDev, Fgt: trueRootSampsonErr, Fgt: trueRootErrorStdDev, refined F: inlierCountCombined, refined F: trueInlierCountCombined, refined F: sampsonErrCombined, refined F: trueSampsonErr, refined F: trueSampsonErrStdDev, refined F: trueRootSampsonErr, refined F: trueRootSampsonErrStdDev, F_Points: featureCountGood, F_Points: trueFeatureCountGood, F_Points: featureCountComplete, F_Points: trueFeatureCountComplete, F_Points: inlierCountOwnGood, F_Points: trueInlierCountOwnGood, F_Points: inlierCountOwnComplete, F_Points: trueInlierCountOwnComplete, F_Points: inlierCountCombined, F_Points: trueInlierCountCombined, F_Points: sampsonErrOwn, F_Points: sampsonErrComplete, F_Points: sampsonErrCombined, F_Points: sampsonErrStdDevCombined, F_Points: trueSampsonErr, F_Points: trueSampsonErrStdDev, F_Points: trueRootSampsonErr, F_Points: trueRootSampsonErrStdDev, F_Points: quality, H_Lines: featureCountGood, H_Lines: trueFeatureCountGood, H_Lines: featureCountComplete, H_Lines: trueFeatureCountComplete, H_Lines: inlierCountOwnGood, H_Lines: trueInlierCountOwnGood, H_Lines: inlierCountOwnComplete, H_Lines: trueInlierCountOwnComplete, H_Lines: inlierCountCombined, H_Lines: trueInlierCountCombined, H_Lines: sampsonErrOwn, H_Lines: sampsonErrComplete, H_Lines: sampsonErrCombined, H_Lines: sampsonErrStdDevCombined, H_Lines: trueSampsonErr, H_Lines: trueSampsonErrStdDev, H_Lines: trueRootSampsonErr, H_Lines: trueRootSampsonErrStdDev, H_Lines: quality, H_Points: featureCountGood, H_Points: trueFeatureCountGood, H_Points: featureCountComplete, H_Points: trueFeatureCountComplete, H_Points: inlierCountOwnGood, H_Points: trueInlierCountOwnGood, H_Points: inlierCountOwnComplete, H_Points: trueInlierCountOwnComplete, H_Points: inlierCountCombined, H_Points: trueInlierCountCombined, H_Points: sampsonErrOwn, H_Points: sampsonErrComplete, H_Points: sampsonErrCombined, H_Points: sampsonErrStdDevCombined, H_Points: trueSampsonErr, H_Points: trueSampsonErrStdDev, H_Points: trueRootSampsonErr, H_Points: trueRootSampsonErrStdDev, H_Points: quality, time (min)
/home/johannes/MultipleCueEstimation/Datasets/herz-jesu-P8/0000.png,/home/johannes/MultipleCueEstimation/Datasets/herz-jesu-P8/0001.png,1276,1135,0.945838,0.945838,0.669648,0.669648,1142,1116,59.7439,1.26002,2.54017,0.823906,2.57737,227,223,4188,1278,219,218,1141,1121,1144,1101,1.56743,169592,61.7831,608.035,2.17236,4.5572,1.09766,4.68231,1,23,-1,8578,-1,26,13,106,45,268,204,1547.56,-1,5503.02,23669.7,4231.54,8983.97,37.4566,9915.52,0.189331,227,223,4188,1277,201,201,1572,784,1019,988,0.993605,139314,163.542,3151.43,4.1348,9.67965,1.34975,10.0727,0.786956,4.45
/home/johannes/MultipleCueEstimation/Datasets/herz-jesu-P8/0000.png,/home/johannes/MultipleCueEstimation/Datasets/herz-jesu-P8/0001.png,1067,1047,0.699789,0.699789,0.581992,0.581992,1047,1040,4.42329,0.814164,1.51941,0.660064,1.52721,227,223,4188,1278,219,218,1141,1121,1044,1024,1.56743,169592,1.98772,4.04596,1.95354,4.06047,1.05057,4.15975,1,,,,,,,,,,,,,,,,,,,,227,223,4188,1283,197,197,1566,783,865,860,10.2781,223181,706.722,11131.5,30.026,114.112,2.52366,117.382,0.662074,5.78333
/home/johannes/MultipleCueEstimation/Datasets/herz-jesu-P8/0000.png,/home/johannes/MultipleCueEstimation/Datasets/herz-jesu-P8/0001.png,1071,1051,0.697966,0.697966,0.580624,0.580624,1051,1044,4.42297,0.810983,1.49706,0.661158,1.50454,227,223,4188,1278,219,218,1141,1121,1046,1026,1.56743,169592,2.005,4.05196,1.97128,4.06665,1.05559,4.16856,1,,,,,,,,,,,,,,,,,,,,227,223,4188,1279,202,202,1580,790,852,852,6.35967,146860,192.03,3799.64,11.236,27.8301,1.89247,29.3581,0.652411,5.06667
/home/johannes/MultipleCueEstimation/Datasets/herz-jesu-P8/0000.png,/home/johannes/MultipleCueEstimation/Datasets/herz-jesu-P8/0001.png,1365,1192,0.8742,0.8742,0.657839,0.657839,1200,1180,29.5666,1.01599,1.82265,0.746026,1.84256,227,223,4188,1278,219,218,1141,1121,1186,1153,1.56743,169592,29.007,249.683,2.17106,4.07927,1.11693,4.21338,1,23,-1,8578,-1,26,11,156,76,722,580,11.8064,-1,2113.66,15212.2,1549.54,4305.12,18.0202,4569.64,0.488815,227,223,4188,1281,198,198,1512,756,826,818,295.741,549099,3830.44,46121.5,902.764,2464.7,12.841,2620.57,0.557577,6.63333
/home/johannes/MultipleCueEstimation/Datasets/herz-jesu-P8/0000.png,/home/johannes/MultipleCueEstimation/Datasets/herz-jesu-P8/0001.png,1062,1041,0.693031,0.693031,0.578799,0.578799,1043,1036,4.43674,0.754036,1.32647,0.64273,1.33113,227,223,4188,1278,219,218,1141,1121,1047,1027,1.56743,169592,1.74077,2.59361,1.6874,2.53672,1.01198,2.62518,1,,,,,,,,,,,,,,,,,,,,227,223,4188,1291,195,195,1526,762,836,831,1.14961,248290,515.624,8225.29,94.7654,277.482,4.22363,291.894,0.638177,4.51667
/home/johannes/MultipleCueEstimation/Datasets/herz-jesu-P8/0000.png,/home/johannes/MultipleCueEstimation/Datasets/herz-jesu-P8/0001.png,1366,1165,0.799471,0.799471,0.627684,0.627684,1167,1156,64.014,0.846792,1.5707,0.666623,1.58101,227,223,4188,1278,219,218,1141,1121,1157,1131,1.56743,169592,70.534,407.02,2.00559,3.2391,1.09161,3.36568,0.978996,23,-1,8578,-1,26,8,158,64,298,180,124.335,-1,4736.37,46438,2056.06,5192.06,25.0139,5575.5,0.208317,227,223,4188,1276,201,201,1550,775,1013,997,1.10371,162760,63.1686,374.274,4.09437,8.48857,1.28766,8.94093,0.900631,6.18333
/home/johannes/MultipleCueEstimation/Datasets/herz-jesu-P8/0000.png,/home/johannes/MultipleCueEstimation/Datasets/herz-jesu-P8/0001.png,1069,1049,0.698461,0.698461,0.58163,0.58163,1049,1042,4.44318,0.808218,1.50219,0.659089,1.50958,227,223,4188,1278,219,218,1141,1121,1046,1026,1.56743,169592,1.98267,4.02313,1.94846,4.03721,1.05048,4.13596,1,,,,,,,,,,,,,,,,,,,,227,223,4188,1275,203,203,1568,784,1024,1019,0.453549,162312,5.29246,53.3599,1.4081,2.91508,0.81441,2.97497,0.856536,6.15
/home/johannes/MultipleCueEstimation/Datasets/herz-jesu-P8/0000.png,/home/johannes/MultipleCueEstimation/Datasets/herz-jesu-P8/0001.png,1067,1047,0.700748,0.700748,0.582816,0.582816,1047,1040,4.38043,0.810742,1.50628,0.660294,1.51378,227,223,4188,1278,219,218,1141,1121,1045,1025,1.56743,169592,1.96937,4.00981,1.93484,4.02359,1.04712,4.12045,1,,,,,,,,,,,,,,,,,,,,227,223,4188,1280,200,200,1554,777,845,843,3.68011,138892,167.519,2416.02,17.7106,41.5392,2.28362,44.314,0.647949,5.28333
/home/johannes/MultipleCueEstimation/Datasets/herz-jesu-P8/0000.png,/home/johannes/MultipleCueEstimation/Datasets/herz-jesu-P8/0001.png,1276,1137,0.800713,0.800713,0.626599,0.626599,1133,1119,14.9723,1.00164,2.04165,0.723542,2.06052,227,223,4188,1278,219,218,1141,1121,1131,1100,1.56743,169592,15.5576,93.6529,2.16082,4.27546,1.0985,4.40558,1,23,-1,8578,-1,24,9,118,56,335,256,13.3177,-1,11418.9,30805.8,11633.1,28586.1,56.4643,30843.2,0.236763,227,223,4188,1273,195,195,1526,763,971,944,6.10513,218062,559.874,9552.45,20.9998,88.564,2.16075,90.5472,0.691021,5.63333
/home/johannes/MultipleCueEstimation/Datasets/herz-jesu-P8/0000.png,/home/johannes/MultipleCueEstimation/Datasets/herz-jesu-P8/0001.png,1063,1043,0.698412,0.698412,0.580613,0.580613,1044,1037,4.39884,0.800025,1.46264,0.657682,1.46956,227,223,4188,1278,219,218,1141,1121,1041,1021,1.56743,169592,1.94224,3.74501,1.90705,3.75432,1.04524,3.85206,1,,,,,,,,,,,,,,,,,,,,227,223,4188,1268,199,199,1510,755,779,776,489.738,735663,5953.92,61526.7,1769.55,4385.39,17.4294,4722.77,0.597525,5.41667
/home/johannes/MultipleCueEstimation/Datasets/herz-jesu-P8/0001.png,/home/johannes/MultipleCueEstimation/Datasets/herz-jesu-P8/0002.png,1287,1087,1.06692,1.06692,0.773125,0.773125,1096,1082,31.9062,1.04108,1.72086,0.747611,1.74573,324,309,2713,1074,273,273,953,935,1072,1055,1.23533,145853,33.9489,158.212,2.32342,6.41336,1.03804,6.54101,1,56,-1,6883,-1,44,24,222,128,659,511,222.889,-1,1918.43,30966.7,996.893,2384.72,15.1578,2579.07,0.494352,324,309,2713,1052,129,128,562,281,595,562,232.607,90245.6,1368.85,22936.6,414.803,4816.19,8.14162,4833.34,0.448108,6.56667
/home/johannes/MultipleCueEstimation/Datasets/herz-jesu-P8/0001.png,/home/johannes/MultipleCueEstimation/Datasets/herz-jesu-P8/0002.png,1369,1112,1.17429,1.17429,0.82447,0.82447,1141,1082,61.1616,1.57838,3.11382,0.914949,3.18377,324,309,2713,1074,273,273,953,935,1091,1072,1.23533,145853,65.4126,408.685,2.48894,6.98912,1.07996,7.12986,1,56,-1,6883,-1,40,22,258,134,493,304,14.0108,-1,916.236,11943.1,487.659,1123.67,13.4208,1219.73,0.3751,324,309,2713,1052,128,127,590,292,782,768,27.9969,126413,1323.21,20576.7,607.324,1958.8,10.2686,2047.85,0.582181,6.4
/home/johannes/MultipleCueEstimation/Datasets/herz-jesu-P8/0001.png,/home/johannes/MultipleCueEstimation/Datasets/herz-jesu-P8/0002.png,1426,1207,1.19275,1.19275,0.820786,0.820786,1261,1165,6.91733,2.28768,7.38394,0.982111,7.49857,324,309,2713,1074,273,273,953,935,1244,1171,1.23533,145853,6.91738,18.2953,2.19099,6.26879,0.976383,6.38547,1,56,-1,6883,-1,42,18,290,184,872,752,28.0715,-1,572.018,11773.6,127.642,370.926,5.91759,390.404,0.562069,324,309,2713,1065,138,138,594,297,1177,1156,3.35682,145616,16.1279,186.826,2.82436,12.1052,1.14532,12.2212,0.841208,7.26667
/home/johannes/MultipleCueEstimation/Datasets/herz-jesu-P8/0001.png,/home/johannes/MultipleCueEstimation/Datasets/herz-jesu-P8/0002.png,1274,1112,0.973281,0.973281,0.732031,0.732031,1126,1108,83.2478,0.953561,1.58456,0.723595,1.60118,324,309,2713,1074,273,273,953,935,1106,1087,1.23533,145853,84.5401,447.136,2.05159,5.98394,0.961193,6.08256,1,56,-1,6883,-1,38,19,218,143,598,472,20.4414,-1,960.369,15654.2,387.853,906.338,10.8875,981.672,0.449314,324,309,2713,1052,148,148,638,319,939,936,5.79135,152776,127.713,1010.16,10.2126,32.0118,1.92191,33.0689,0.810858,7.1
